Core,Species,Sp_code,Tree,Repeat,Date_collected,Section,Fresh_Mass,Length_p,Length_d,Notes,Stored,Dry_Mass
Core_Alph_1b,Alphitonia petriei,ALPH,1,b,19-Jun-15,1,0.1843,0,10,,Stored,0.099
Core_Alph_1b,Alphitonia petriei,ALPH,1,b,19-Jun-15,2,0.1613,10,20,,Stored,0.1174
Core_Alph_1b,Alphitonia petriei,ALPH,1,b,19-Jun-15,3,0.154,20,30,,Stored,0.113
Core_Alph_1b,Alphitonia petriei,ALPH,1,b,19-Jun-15,4,0.1311,30,40,,Stored,0.0959
Core_Alph_1b,Alphitonia petriei,ALPH,1,b,19-Jun-15,5,0.1348,40,50,,Stored,0.101
Core_Alph_1b,Alphitonia petriei,ALPH,1,b,19-Jun-15,6,0.1345,50,60,,Stored,0.0986
Core_Alph_1b,Alphitonia petriei,ALPH,1,b,19-Jun-15,7,0.1276,60,70,,Stored,0.0938
Core_Alph_1b,Alphitonia petriei,ALPH,1,b,19-Jun-15,8,0.1301,70,80,,Stored,0.0937
Core_Alph_1b,Alphitonia petriei,ALPH,1,b,19-Jun-15,9,0.1321,80,90,,Stored,0.0874
Core_Alph_1b,Alphitonia petriei,ALPH,1,b,19-Jun-15,10,0.1246,90,100,,Stored,0.0779
Core_Alph_1b,Alphitonia petriei,ALPH,1,b,19-Jun-15,11,0.136,100,110,,Stored,0.0847
Core_Alph_1b,Alphitonia petriei,ALPH,1,b,19-Jun-15,12,0.125,110,120,,Stored,0.0737
Core_Alph_1b,Alphitonia petriei,ALPH,1,b,19-Jun-15,13,0.119,120,130,,Stored,0.0714
Core_Alph_1b,Alphitonia petriei,ALPH,1,b,19-Jun-15,14,0.1286,130,140,,Stored,0.0798
Core_Alph_1b,Alphitonia petriei,ALPH,1,b,19-Jun-15,15,0.1135,140,150,,Stored,0.0702
Core_Alph_1b,Alphitonia petriei,ALPH,1,b,19-Jun-15,16,0.1203,150,160,,Stored,0.073
Core_Alph_1b,Alphitonia petriei,ALPH,1,b,19-Jun-15,17,0.0582,160,165,,Stored,0.0376
Core_Alph_1a,Alphitonia petriei,ALPH,1,a,19-Jun-15,1,0.2218,0,10,,Stored,0.1102
Core_Alph_1a,Alphitonia petriei,ALPH,1,a,19-Jun-15,2,0.1506,10,20,,Stored,0.1063
Core_Alph_1a,Alphitonia petriei,ALPH,1,a,19-Jun-15,3,0.1581,20,30,,Stored,0.1095
Core_Alph_1a,Alphitonia petriei,ALPH,1,a,19-Jun-15,4,0.1383,30,40,,Stored,0.0945
Core_Alph_1a,Alphitonia petriei,ALPH,1,a,19-Jun-15,5,0.1399,40,50,,Stored,0.0995
Core_Alph_1a,Alphitonia petriei,ALPH,1,a,19-Jun-15,6,0.1396,50,60,,Stored,0.0975
Core_Alph_1a,Alphitonia petriei,ALPH,1,a,19-Jun-15,7,0.1269,60,70,,Stored,0.0904
Core_Alph_1a,Alphitonia petriei,ALPH,1,a,19-Jun-15,8,0.1389,70,80,,Stored,0.0974
Core_Alph_1a,Alphitonia petriei,ALPH,1,a,19-Jun-15,9,0.1283,80,90,,Stored,0.0821
Core_Alph_1a,Alphitonia petriei,ALPH,1,a,19-Jun-15,10,0.1284,90,100,,Stored,0.0774
Core_Alph_1a,Alphitonia petriei,ALPH,1,a,19-Jun-15,11,0.1213,100,110,,Stored,0.0745
Core_Alph_1a,Alphitonia petriei,ALPH,1,a,19-Jun-15,12,0.1211,110,120,,Stored,0.0735
Core_Alph_1a,Alphitonia petriei,ALPH,1,a,19-Jun-15,13,0.1071,120,130,,Stored,0.0636
Core_Alph_1a,Alphitonia petriei,ALPH,1,a,19-Jun-15,14,0.1118,130,140,,Stored,0.0667
Core_Alph_1a,Alphitonia petriei,ALPH,1,a,19-Jun-15,15,0.1104,140,150,,Stored,0.0669
Core_Alph_1a,Alphitonia petriei,ALPH,1,a,19-Jun-15,16,0.1025,150,160,,Stored,0.061
Core_Alph_1a,Alphitonia petriei,ALPH,1,a,19-Jun-15,17,0.1053,160,170,,Stored,0.0615
Core_Alph_1a,Alphitonia petriei,ALPH,1,a,19-Jun-15,18,0.1093,170,180,,Stored,0.066
Core_Alph_1a,Alphitonia petriei,ALPH,1,a,19-Jun-15,19,0.1086,180,190,,Stored,0.0666
Core_Alph_1a,Alphitonia petriei,ALPH,1,a,19-Jun-15,20,0.1115,190,200,,Stored,0.068
Core_Alph_1a,Alphitonia petriei,ALPH,1,a,19-Jun-15,21,0.1178,200,210,,Stored,0.0719
Core_Alph_1a,Alphitonia petriei,ALPH,1,a,19-Jun-15,22,0.1241,210,220,,Stored,0.0766
Core_Alph_1a,Alphitonia petriei,ALPH,1,a,19-Jun-15,23,0.1273,220,230,,Stored,0.0808
Core_Alph_1a,Alphitonia petriei,ALPH,1,a,19-Jun-15,24,0.1248,230,240,,Stored,0.0854
Core_Alph_1a,Alphitonia petriei,ALPH,1,a,19-Jun-15,25,0.1246,240,250,,Stored,0.0892
Core_Alph_1a,Alphitonia petriei,ALPH,1,a,19-Jun-15,26,0.1276,250,260,,Stored,0.0904
Core_Alph_1a,Alphitonia petriei,ALPH,1,a,19-Jun-15,27,0.1308,260,270,,Stored,0.0914
Core_Alph_1a,Alphitonia petriei,ALPH,1,a,19-Jun-15,28,0.1422,270,280,,Stored,0.1025
Core_Alph_1a,Alphitonia petriei,ALPH,1,a,19-Jun-15,29,0.1243,280,290,,Stored,0.0885
Core_Alph_1a,Alphitonia petriei,ALPH,1,a,19-Jun-15,30,0.1312,290,300,,Stored,0.0954
Core_Alph_1a,Alphitonia petriei,ALPH,1,a,19-Jun-15,31,0.138,300,310,,Stored,0.0999
Core_Alph_1a,Alphitonia petriei,ALPH,1,a,19-Jun-15,32,0.1619,310,320,,Stored,0.1176
Core_Alph_1a,Alphitonia petriei,ALPH,1,a,19-Jun-15,33,0.1864,320,329,"9.64,8.9",Stored,0.0972
Core_Alph_2,Alphitonia petriei,ALPH,2,a,19-Jun-15,1,0.2255,0,8,"7.09,9.58",Stored,0.085
Core_Alph_2,Alphitonia petriei,ALPH,2,a,19-Jun-15,2,0.1905,8,18,,Stored,0.1178
Core_Alph_2,Alphitonia petriei,ALPH,2,a,19-Jun-15,3,0.1914,18,28,,Stored,0.1125
Core_Alph_2,Alphitonia petriei,ALPH,2,a,19-Jun-15,4,0.1822,28,38,,Stored,0.1174
Core_Alph_2,Alphitonia petriei,ALPH,2,a,19-Jun-15,5,0.1973,38,48,,Stored,0.1263
Core_Alph_2,Alphitonia petriei,ALPH,2,a,19-Jun-15,6,0.1817,48,58,,Stored,0.114
Core_Alph_2,Alphitonia petriei,ALPH,2,a,19-Jun-15,7,0.184,58,68,,Stored,0.1182
Core_Alph_2,Alphitonia petriei,ALPH,2,a,19-Jun-15,8,0.1809,68,78,,Stored,0.1152
Core_Alph_2,Alphitonia petriei,ALPH,2,a,19-Jun-15,9,0.1718,78,88,,Stored,0.1095
Core_Alph_2,Alphitonia petriei,ALPH,2,a,19-Jun-15,10,0.171,88,98,,Stored,0.1073
Core_Alph_2,Alphitonia petriei,ALPH,2,a,19-Jun-15,11,0.1837,98,108,,Stored,0.1164
Core_Alph_2,Alphitonia petriei,ALPH,2,a,19-Jun-15,12,0.1632,108,118,,Stored,0.1004
Core_Alph_2,Alphitonia petriei,ALPH,2,a,19-Jun-15,13,0.1642,118,128,,Stored,0.1009
Core_Alph_2,Alphitonia petriei,ALPH,2,a,19-Jun-15,14,0.1622,128,138,,Stored,0.0995
Core_Alph_2,Alphitonia petriei,ALPH,2,a,19-Jun-15,15,0.1482,138,148,,Stored,0.0846
Core_Alph_2,Alphitonia petriei,ALPH,2,a,19-Jun-15,16,0.1995,148,158,"appears to be in transition, possible pith",Stored,0.0949
Core_Alph_2,Alphitonia petriei,ALPH,2,a,19-Jun-15,17,0.2206,158,168,,Stored,0.0859
Core_Alph_2,Alphitonia petriei,ALPH,2,a,19-Jun-15,18,0.2259,168,178,,Stored,0.0816
Core_Alph_2,Alphitonia petriei,ALPH,2,a,19-Jun-15,19,0.2241,178,188,,Stored,0.0868
Core_Alph_2,Alphitonia petriei,ALPH,2,a,19-Jun-15,20,0.2239,188,198,,Stored,0.0777
Core_Alph_2,Alphitonia petriei,ALPH,2,a,19-Jun-15,21,0.1859,198,208,"appears to be in transition, back out of pith",Stored,0.0839
Core_Alph_2,Alphitonia petriei,ALPH,2,a,19-Jun-15,22,0.1544,208,218,,Stored,0.0827
Core_Alph_2,Alphitonia petriei,ALPH,2,a,19-Jun-15,23,0.1579,218,228,,Stored,0.087
Core_Alph_2,Alphitonia petriei,ALPH,2,a,19-Jun-15,24,0.1568,228,238,,Stored,0.0938
Core_Alph_2,Alphitonia petriei,ALPH,2,a,19-Jun-15,25,0.1545,238,248,,Stored,0.0922
Core_Alph_2,Alphitonia petriei,ALPH,2,a,19-Jun-15,26,0.1611,248,258,,Stored,0.102
Core_Alph_2,Alphitonia petriei,ALPH,2,a,19-Jun-15,27,0.1775,258,268,,Stored,0.1131
Core_Alph_2,Alphitonia petriei,ALPH,2,a,19-Jun-15,28,0.1649,268,278,,Stored,0.1053
Core_Alph_2,Alphitonia petriei,ALPH,2,a,19-Jun-15,29,0.1771,278,288,,Stored,0.1114
Core_Alph_2,Alphitonia petriei,ALPH,2,a,19-Jun-15,30,0.1851,288,298,,Stored,0.1186
Core_Alph_2,Alphitonia petriei,ALPH,2,a,19-Jun-15,31,0.1829,298,308,,Stored,0.1171
Core_Alph_2,Alphitonia petriei,ALPH,2,a,19-Jun-15,32,0.1848,308,318,,Stored,0.1222
Core_Alph_2,Alphitonia petriei,ALPH,2,a,19-Jun-15,33,0.1714,318,328,,Stored,0.1125
Core_Alph_2,Alphitonia petriei,ALPH,2,a,19-Jun-15,34,0.1685,328,338,,Stored,0.1147
Core_Alph_2,Alphitonia petriei,ALPH,2,a,19-Jun-15,35,0.1687,338,348,,Stored,0.1156
Core_Alph_2,Alphitonia petriei,ALPH,2,a,19-Jun-15,36,0.1817,348,358,,Stored,0.1236
Core_Alph_2,Alphitonia petriei,ALPH,2,a,19-Jun-15,37,0.1744,358,368,,Stored,0.117
Core_Alph_2,Alphitonia petriei,ALPH,2,a,19-Jun-15,38,0.0341,368,370,"1.87,2.39",Stored,0.0235
Core_Cast_1,Castanospermum australe,CAST,1,a,19-Jun-15,1,0.2158,0,10,6.20 bark of 10,Stored,0.0906
Core_Cast_1,Castanospermum australe,CAST,1,a,19-Jun-15,2,0.2099,20,30,,Stored,0.1218
Core_Cast_1,Castanospermum australe,CAST,1,a,19-Jun-15,3,0.2019,30,40,,Stored,0.1252
Core_Cast_1,Castanospermum australe,CAST,1,a,19-Jun-15,4,0.2023,40,50,,Stored,0.1298
Core_Cast_1,Castanospermum australe,CAST,1,a,19-Jun-15,5,0.2098,50,60,,Stored,0.1393
Core_Cast_1,Castanospermum australe,CAST,1,a,19-Jun-15,6,0.207,60,70,,Stored,0.1372
Core_Cast_1,Castanospermum australe,CAST,1,a,19-Jun-15,7,0.1844,70,80,,Stored,0.122
Core_Cast_1,Castanospermum australe,CAST,1,a,19-Jun-15,8,0.2049,80,90,10.79,Stored,0.1398
Core_Cast_1,Castanospermum australe,CAST,1,a,19-Jun-15,9,0.1889,90,100,,Stored,0.1235
Core_Cast_1,Castanospermum australe,CAST,1,a,19-Jun-15,10,0.2076,100,110,"appears to be in transition, sapwood to heartwood (change from light to dark wood)",Stored,0.1182
Core_Cast_1,Castanospermum australe,CAST,1,a,19-Jun-15,11,0.2465,110,120,,Stored,0.1228
Core_Cast_1,Castanospermum australe,CAST,1,a,19-Jun-15,12,0.2389,120,130,,Stored,0.1152
Core_Cast_1,Castanospermum australe,CAST,1,a,19-Jun-15,13,0.2304,130,140,,Stored,0.1144
Core_Cast_1,Castanospermum australe,CAST,1,a,19-Jun-15,14,0.239,140,150,,Stored,0.1172
Core_Cast_1,Castanospermum australe,CAST,1,a,19-Jun-15,15,0.2417,150,160,,Stored,0.1224
Core_Cast_1,Castanospermum australe,CAST,1,a,19-Jun-15,16,0.2453,160,170,"Small piece (first recording of including small piece in foil, had some from Alph but didn't note)",Stored,0.1234
Core_Cast_1,Castanospermum australe,CAST,1,a,19-Jun-15,17,0.2354,170,180,,Stored,0.1159
Core_Cast_1,Castanospermum australe,CAST,1,a,19-Jun-15,18,0.2298,180,190,,Stored,0.1104
Core_Cast_1,Castanospermum australe,CAST,1,a,19-Jun-15,19,0.2514,190,200,,Stored,0.1285
Core_Cast_1,Castanospermum australe,CAST,1,a,19-Jun-15,20,0.2475,200,210,,Stored,0.126
Core_Cast_1,Castanospermum australe,CAST,1,a,19-Jun-15,21,0.2354,210,220,,Stored,0.117
Core_Cast_1,Castanospermum australe,CAST,1,a,19-Jun-15,22,0.2498,220,230,,Stored,0.1224
Core_Cast_1,Castanospermum australe,CAST,1,a,19-Jun-15,23,0.2581,230,240,,Stored,0.1268
Core_Cast_1,Castanospermum australe,CAST,1,a,19-Jun-15,24,0.2388,240,250,,Stored,0.1163
Core_Cast_1,Castanospermum australe,CAST,1,a,19-Jun-15,25,0.2422,250,260,,Stored,0.1172
Core_Cast_1,Castanospermum australe,CAST,1,a,19-Jun-15,26,0.2527,260,270,,Stored,0.1238
Core_Cast_1,Castanospermum australe,CAST,1,a,19-Jun-15,27,0.2444,270,280,,Stored,0.1234
Core_Cast_1,Castanospermum australe,CAST,1,a,19-Jun-15,28,0.2477,280,290,,Stored,0.1193
Core_Cast_1,Castanospermum australe,CAST,1,a,19-Jun-15,29,0.2421,290,300,,Stored,0.1146
Core_Cast_1,Castanospermum australe,CAST,1,a,19-Jun-15,30,0.2515,300,310,,Stored,0.1159
Core_Cast_1,Castanospermum australe,CAST,1,a,19-Jun-15,31,0.2438,310,320,,Stored,0.1152
Core_Cast_1,Castanospermum australe,CAST,1,a,19-Jun-15,32,0.2502,320,330,,Stored,0.1248
Core_Cast_1,Castanospermum australe,CAST,1,a,19-Jun-15,33,0.2435,330,340,,Stored,0.1257
Core_Cast_1,Castanospermum australe,CAST,1,a,19-Jun-15,34,0.2586,340,350,,Stored,0.1323
Core_Cast_1,Castanospermum australe,CAST,1,a,19-Jun-15,35,0.1322,350,355,"5.22,5.48",Stored,0.0651
Core_Syz_1,Syzygium sayeri,SYZ,1,a,21-Jun-15,1,0.2376,0,10,,Stored,0.0997
Core_Syz_1,Syzygium sayeri,SYZ,1,a,21-Jun-15,2,0.2157,10,20,,Stored,0.1144
Core_Syz_1,Syzygium sayeri,SYZ,1,a,21-Jun-15,3,0.2174,20,30,,Stored,0.1189
Core_Syz_1,Syzygium sayeri,SYZ,1,a,21-Jun-15,4,0.22,30,40,,Stored,0.1238
Core_Syz_1,Syzygium sayeri,SYZ,1,a,21-Jun-15,5,0.2051,40,50,,Stored,0.1134
Core_Syz_1,Syzygium sayeri,SYZ,1,a,21-Jun-15,6,0.2064,50,60,,Stored,0.1089
Core_Syz_1,Syzygium sayeri,SYZ,1,a,21-Jun-15,7,0.1889,60,70,,Stored,0.1005
Core_Syz_1,Syzygium sayeri,SYZ,1,a,21-Jun-15,8,0.2162,70,80,,Stored,0.119
Core_Syz_1,Syzygium sayeri,SYZ,1,a,21-Jun-15,9,0.2022,80,90,,Stored,0.1094
Core_Syz_1,Syzygium sayeri,SYZ,1,a,21-Jun-15,10,0.191,90,100,,Stored,0.0991
Core_Syz_1,Syzygium sayeri,SYZ,1,a,21-Jun-15,11,0.2168,100,110,May have a transition here,Stored,0.1122
Core_Syz_1,Syzygium sayeri,SYZ,1,a,21-Jun-15,12,0.1929,110,120,,Stored,0.102
Core_Syz_1,Syzygium sayeri,SYZ,1,a,21-Jun-15,13,0.2177,120,130,,Stored,0.1104
Core_Syz_1,Syzygium sayeri,SYZ,1,a,21-Jun-15,14,0.2299,130,140,,Stored,0.1124
Core_Syz_1,Syzygium sayeri,SYZ,1,a,21-Jun-15,15,0.2356,140,150,,Stored,0.1141
Core_Syz_1,Syzygium sayeri,SYZ,1,a,21-Jun-15,16,0.238,150,160,,Stored,0.1085
Core_Syz_1,Syzygium sayeri,SYZ,1,a,21-Jun-15,17,0.2443,160,170,,Stored,0.115
Core_Syz_1,Syzygium sayeri,SYZ,1,a,21-Jun-15,18,0.2338,170,180,,Stored,0.1004
Core_Syz_1,Syzygium sayeri,SYZ,1,a,21-Jun-15,19,0.2181,180,190,,Stored,0.0976
Core_Syz_1,Syzygium sayeri,SYZ,1,a,21-Jun-15,20,0.2473,190,200,,Stored,0.1107
Core_Syz_1,Syzygium sayeri,SYZ,1,a,21-Jun-15,21,0.2471,200,210,,Stored,0.1126
Core_Syz_1,Syzygium sayeri,SYZ,1,a,21-Jun-15,22,0.2369,210,220,,Stored,0.1105
Core_Syz_1,Syzygium sayeri,SYZ,1,a,21-Jun-15,23,0.2387,220,230,,Stored,0.1085
Core_Syz_1,Syzygium sayeri,SYZ,1,a,21-Jun-15,24,0.252,230,240,,Stored,0.0971
Core_Syz_1,Syzygium sayeri,SYZ,1,a,21-Jun-15,25,0.2388,240,250,,Stored,0.0995
Core_Syz_1,Syzygium sayeri,SYZ,1,a,21-Jun-15,26,0.1988,250,260,"Punky bit, 2 pieces, ~1 cm",Stored,0.0984
Core_Syz_1,Syzygium sayeri,SYZ,1,a,21-Jun-15,27,0.1695,260,270,"Punky bit, 2 pieces",Stored,0.083
Core_Syz_1,Syzygium sayeri,SYZ,1,a,21-Jun-15,28,0.2356,270,280,,Stored,0.0909
Core_Syz_1,Syzygium sayeri,SYZ,1,a,21-Jun-15,29,0.2333,280,290,,Stored,0.0924
Core_Syz_1,Syzygium sayeri,SYZ,1,a,21-Jun-15,30,0.2318,290,300,,Stored,0.0897
Core_Syz_1,Syzygium sayeri,SYZ,1,a,21-Jun-15,31,0.2276,300,310,Very small piece,Stored,0.0692
Core_Syz_1,Syzygium sayeri,SYZ,1,a,21-Jun-15,32,0.2521,310,320,,Stored,0.1185
Core_Syz_1,Syzygium sayeri,SYZ,1,a,21-Jun-15,33,0.2392,320,330,Small piece,Stored,0.1089
Core_Syz_1,Syzygium sayeri,SYZ,1,a,21-Jun-15,34,0.2328,330,340,,Stored,0.1036
Core_Syz_1,Syzygium sayeri,SYZ,1,a,21-Jun-15,35,0.2452,340,350,,Stored,0.1155
Core_Syz_1,Syzygium sayeri,SYZ,1,a,21-Jun-15,36,0.2293,350,360,,Stored,0.1088
Core_Syz_1,Syzygium sayeri,SYZ,1,a,21-Jun-15,37,0.0682,360,363,"2.74,3.17",Stored,0.032
Core_Musc_1,Musgravea heterophylla,MUSC,1,a,21-Jun-15,1,0.2156,0,10,2 large and 1 very small piece,Stored,0.0749
Core_Musc_1,Musgravea heterophylla,MUSC,1,a,21-Jun-15,2,0.2063,10,,Has discontinuity,Stored,0.0909
Core_Musc_1,Musgravea heterophylla,MUSC,1,a,21-Jun-15,3,0.2023,,,,Stored,0.1067
Core_Musc_1,Musgravea heterophylla,MUSC,1,a,21-Jun-15,4,0.2243,,,,Stored,0.1177
Core_Musc_1,Musgravea heterophylla,MUSC,1,a,21-Jun-15,5,0.2005,,,,Stored,0.1026
Core_Musc_1,Musgravea heterophylla,MUSC,1,a,21-Jun-15,6,0.2174,,,Has black discontinuity,Stored,0.1102
Core_Musc_1,Musgravea heterophylla,MUSC,1,a,21-Jun-15,7,0.2071,,,Small piece,Stored,0.102
Core_Musc_1,Musgravea heterophylla,MUSC,1,a,21-Jun-15,8,0.2264,,,,Stored,0.0999
Core_Musc_1,Musgravea heterophylla,MUSC,1,a,21-Jun-15,9,0.2414,,,,Stored,0.0993
Core_Musc_1,Musgravea heterophylla,MUSC,1,a,21-Jun-15,10,0.2249,,,,Stored,0.0886
Core_Musc_1,Musgravea heterophylla,MUSC,1,a,21-Jun-15,11,0.2308,,,Has black discontinuity,Stored,0.0903
Core_Musc_1,Musgravea heterophylla,MUSC,1,a,21-Jun-15,12,0.2304,,,,Stored,0.0925
Core_Musc_1,Musgravea heterophylla,MUSC,1,a,21-Jun-15,13,0.2516,,,,Stored,0.0999
Core_Musc_1,Musgravea heterophylla,MUSC,1,a,21-Jun-15,14,0.2264,,,,Stored,0.0871
Core_Musc_1,Musgravea heterophylla,MUSC,1,a,21-Jun-15,15,0.2438,,,,Stored,0.0922
Core_Musc_1,Musgravea heterophylla,MUSC,1,a,21-Jun-15,16,0.2389,,,,Stored,0.0959
Core_Musc_1,Musgravea heterophylla,MUSC,1,a,21-Jun-15,17,0.2303,,,,Stored,0.0874
Core_Musc_1,Musgravea heterophylla,MUSC,1,a,21-Jun-15,18,0.2344,,,Has black discontinuity,Stored,0.0862
Core_Musc_1,Musgravea heterophylla,MUSC,1,a,21-Jun-15,19,0.2612,11,11,,Stored,0.1022
Core_Musc_1,Musgravea heterophylla,MUSC,1,a,21-Jun-15,20,0.2203,10,9,,Stored,0.0845
Core_Musc_1,Musgravea heterophylla,MUSC,1,a,21-Jun-15,21,0.2461,,,,Stored,0.0968
Core_Musc_1,Musgravea heterophylla,MUSC,1,a,21-Jun-15,22,0.2263,,,,Stored,0.0845
Core_Musc_1,Musgravea heterophylla,MUSC,1,a,21-Jun-15,23,0.2355,,,,Stored,0.0837
Core_Musc_1,Musgravea heterophylla,MUSC,1,a,21-Jun-15,24,0.2153,,,"2 pieces (1 large, 1 small), pre existing break",Stored,0.0784
Core_Musc_1,Musgravea heterophylla,MUSC,1,a,21-Jun-15,25,0.2243,,,,Stored,0.0832
Core_Musc_1,Musgravea heterophylla,MUSC,1,a,21-Jun-15,26,0.2468,,,Small black inclusions,Stored,0.1006
Core_Musc_1,Musgravea heterophylla,MUSC,1,a,21-Jun-15,27,0.2322,,,Small black inclusions,Stored,0.094
Core_Musc_1,Musgravea heterophylla,MUSC,1,a,21-Jun-15,28,0.2349,,,Small black inclusions,Stored,0.0976
Core_Musc_1,Musgravea heterophylla,MUSC,1,a,21-Jun-15,29,0.2397,,,Black line,Stored,0.096
Core_Musc_1,Musgravea heterophylla,MUSC,1,a,21-Jun-15,30,0.2297,,,Black line,Stored,0.0965
Core_Musc_1,Musgravea heterophylla,MUSC,1,a,21-Jun-15,31,0.2462,,,,Stored,0.1023
Core_Musc_1,Musgravea heterophylla,MUSC,1,a,21-Jun-15,32,0.2284,,,Very small piece,Stored,0.0945
Core_Musc_1,Musgravea heterophylla,MUSC,1,a,21-Jun-15,33,0.2297,,,,Stored,0.1002
Core_Musc_1,Musgravea heterophylla,MUSC,1,a,21-Jun-15,34,0.2253,,,Black line,Stored,0.0985
Core_Musc_1,Musgravea heterophylla,MUSC,1,a,21-Jun-15,35,0.2497,,,10.84,Stored,0.1063
Core_Musc_1,Musgravea heterophylla,MUSC,1,a,21-Jun-15,36,0.2201,,,,Stored,0.0932
Core_Musc_1,Musgravea heterophylla,MUSC,1,a,21-Jun-15,37,0.2366,,,,Stored,0.1037
Core_Musc_1,Musgravea heterophylla,MUSC,1,a,21-Jun-15,38,0.2115,,,,Stored,0.1075
Core_Musc_1,Musgravea heterophylla,MUSC,1,a,21-Jun-15,39,0.1995,,,,Stored,0.1075
Core_Musc_2,Musgravea heterophylla,MUSC,2,a,21-Jun-15,1,0.1956,0,10,Small piece,Stored,0.0877
Core_Musc_2,Musgravea heterophylla,MUSC,2,a,21-Jun-15,2,0.2399,,,,Stored,0.1364
Core_Musc_2,Musgravea heterophylla,MUSC,2,a,21-Jun-15,3,0.2306,,,,Stored,0.1266
Core_Musc_2,Musgravea heterophylla,MUSC,2,a,21-Jun-15,4,0.2387,,,,Stored,0.1138
Core_Musc_2,Musgravea heterophylla,MUSC,2,a,21-Jun-15,5,0.2453,,,,Stored,0.1132
Core_Musc_2,Musgravea heterophylla,MUSC,2,a,21-Jun-15,6,0.2317,,,Black line,Stored,0.1089
Core_Musc_2,Musgravea heterophylla,MUSC,2,a,21-Jun-15,7,0.2313,,,,Stored,0.1065
Core_Musc_2,Musgravea heterophylla,MUSC,2,a,21-Jun-15,8,0.2339,,,,Stored,0.1077
Core_Musc_2,Musgravea heterophylla,MUSC,2,a,21-Jun-15,9,0.2311,,,,Stored,0.1013
Core_Musc_2,Musgravea heterophylla,MUSC,2,a,21-Jun-15,10,0.2378,,,,Stored,0.1077
Core_Musc_2,Musgravea heterophylla,MUSC,2,a,21-Jun-15,11,0.223,,,,Stored,0.1009
Core_Musc_2,Musgravea heterophylla,MUSC,2,a,21-Jun-15,12,0.2431,,,,Stored,0.1074
Core_Musc_2,Musgravea heterophylla,MUSC,2,a,21-Jun-15,13,0.2425,,,,Stored,0.1019
Core_Musc_2,Musgravea heterophylla,MUSC,2,a,21-Jun-15,14,0.2293,,,,Stored,0.1035
Core_Musc_2,Musgravea heterophylla,MUSC,2,a,21-Jun-15,15,0.2403,,,,Stored,0.1043
Core_Musc_2,Musgravea heterophylla,MUSC,2,a,21-Jun-15,16,0.2401,,,,Stored,0.1072
Core_Musc_2,Musgravea heterophylla,MUSC,2,a,21-Jun-15,17,0.2306,,,,Stored,0.1019
Core_Musc_2,Musgravea heterophylla,MUSC,2,a,21-Jun-15,18,0.2335,,,,Stored,0.1031
Core_Musc_2,Musgravea heterophylla,MUSC,2,a,21-Jun-15,19,0.2442,,,,Stored,0.1097
Core_Musc_2,Musgravea heterophylla,MUSC,2,a,21-Jun-15,20,0.2301,,,,Stored,0.1052
Core_Musc_2,Musgravea heterophylla,MUSC,2,a,21-Jun-15,21,0.2404,,,"2 pieces, pre existing break",Stored,0.1085
Core_Musc_2,Musgravea heterophylla,MUSC,2,a,21-Jun-15,22,0.239,,,,Stored,0.1039
Core_Musc_2,Musgravea heterophylla,MUSC,2,a,21-Jun-15,23,0.2323,,,,Stored,0.1055
Core_Musc_2,Musgravea heterophylla,MUSC,2,a,21-Jun-15,24,0.2375,,,Very small piece,Stored,0.1068
Core_Musc_2,Musgravea heterophylla,MUSC,2,a,21-Jun-15,25,0.2407,,,,Stored,0.1089
Core_Musc_2,Musgravea heterophylla,MUSC,2,a,21-Jun-15,26,0.2356,,,,Stored,0.1043
Core_Musc_2,Musgravea heterophylla,MUSC,2,a,21-Jun-15,27,0.2291,,,,Stored,0.1019
Core_Musc_2,Musgravea heterophylla,MUSC,2,a,21-Jun-15,28,0.2364,,,,Stored,0.1083
Core_Musc_2,Musgravea heterophylla,MUSC,2,a,21-Jun-15,29,0.2379,,,,Stored,0.1075
Core_Musc_2,Musgravea heterophylla,MUSC,2,a,21-Jun-15,30,0.2446,,,Black line,Stored,0.1138
Core_Musc_2,Musgravea heterophylla,MUSC,2,a,21-Jun-15,31,0.2318,,,,Stored,0.1075
Core_Musc_2,Musgravea heterophylla,MUSC,2,a,21-Jun-15,32,0.226,,,,Stored,0.1091
Core_Musc_2,Musgravea heterophylla,MUSC,2,a,21-Jun-15,33,0.2389,,,,Stored,0.1262
Core_Musc_2,Musgravea heterophylla,MUSC,2,a,21-Jun-15,34,0.2348,,,,Stored,0.1323
Core_Musc_2,Musgravea heterophylla,MUSC,2,a,21-Jun-15,35,0.2139,9,9,"Bark and cambium, shorter than measured length",Stored,0.0894
Core_Syz_2,Syzygium sayeri,SYZ,2,a,21-Jun-15,1,0.2072,0,9,"10,8.55 Transition from bark into wood at end",Stored,0.091
Core_Syz_2,Syzygium sayeri,SYZ,2,a,21-Jun-15,2,0.2182,9,19,,Stored,0.1085
Core_Syz_2,Syzygium sayeri,SYZ,2,a,21-Jun-15,3,0.2283,19,29,,Stored,0.1211
Core_Syz_2,Syzygium sayeri,SYZ,2,a,21-Jun-15,4,0.1929,29,39,,Stored,0.1075
Core_Syz_2,Syzygium sayeri,SYZ,2,a,21-Jun-15,5,0.2069,39,49,,Stored,0.1175
Core_Syz_2,Syzygium sayeri,SYZ,2,a,21-Jun-15,6,0.2052,49,59,,Stored,0.1099
Core_Syz_2,Syzygium sayeri,SYZ,2,a,21-Jun-15,7,0.2106,59,69,,Stored,0.1094
Core_Syz_2,Syzygium sayeri,SYZ,2,a,21-Jun-15,8,0.2452,69,79,,Stored,0.1197
Core_Syz_2,Syzygium sayeri,SYZ,2,a,21-Jun-15,9,0.2441,79,89,,Stored,0.121
Core_Syz_2,Syzygium sayeri,SYZ,2,a,21-Jun-15,10,0.2406,89,99,,Stored,0.119
Core_Syz_2,Syzygium sayeri,SYZ,2,a,21-Jun-15,11,0.2532,99,109,,Stored,0.1278
Core_Syz_2,Syzygium sayeri,SYZ,2,a,21-Jun-15,12,0.2358,109,119,,Stored,0.1186
Core_Syz_2,Syzygium sayeri,SYZ,2,a,21-Jun-15,13,0.243,119,129,Small piece,Stored,0.115
Core_Syz_2,Syzygium sayeri,SYZ,2,a,21-Jun-15,14,0.2381,129,139,,Stored,0.1172
Core_Syz_2,Syzygium sayeri,SYZ,2,a,21-Jun-15,15,0.2373,139,149,,Stored,0.1162
Core_Syz_2,Syzygium sayeri,SYZ,2,a,21-Jun-15,16,0.2449,149,159,,Stored,0.1165
Core_Syz_2,Syzygium sayeri,SYZ,2,a,21-Jun-15,17,0.2627,159,169,,Stored,0.1339
Core_Syz_2,Syzygium sayeri,SYZ,2,a,21-Jun-15,18,0.236,169,179,,Stored,0.1141
Core_Syz_2,Syzygium sayeri,SYZ,2,a,21-Jun-15,19,0.1646,179,186,"4.7, 8.95 Punky bit",Stored,0.0852
Core_Syz_2,Syzygium sayeri,SYZ,2,a,21-Jun-15,20,NA,,,Presumed rotten,Stored,na
Core_Syz_2,Syzygium sayeri,SYZ,2,a,21-Jun-15,21,NA,,,Presumed rotten,Stored,na
Core_Syz_2,Syzygium sayeri,SYZ,2,a,21-Jun-15,22,0.0704,1,5,Punky bit,Stored,0.0367
Core_Syz_2,Syzygium sayeri,SYZ,2,a,21-Jun-15,23,0.2349,,,,Stored,0.118
Core_Syz_2,Syzygium sayeri,SYZ,2,a,21-Jun-15,24,0.254,,,,Stored,0.1279
Core_Syz_2,Syzygium sayeri,SYZ,2,a,21-Jun-15,25,0.2634,,,,Stored,0.1385
Core_Syz_2,Syzygium sayeri,SYZ,2,a,21-Jun-15,26,0.2498,,,,Stored,0.1252
Core_Syz_2,Syzygium sayeri,SYZ,2,a,21-Jun-15,27,0.2571,,,,Stored,0.1279
Core_Syz_2,Syzygium sayeri,SYZ,2,a,21-Jun-15,28,0.2544,,,,Stored,0.1273
Core_Syz_2,Syzygium sayeri,SYZ,2,a,21-Jun-15,29,0.2429,,,,Stored,0.1173
Core_Syz_2,Syzygium sayeri,SYZ,2,a,21-Jun-15,30,0.2457,,,,Stored,0.1202
Core_Syz_2,Syzygium sayeri,SYZ,2,a,21-Jun-15,31,0.246,,,,Stored,0.124
Core_Syz_2,Syzygium sayeri,SYZ,2,a,21-Jun-15,32,0.258,,,,Stored,0.1288
Core_Syz_2,Syzygium sayeri,SYZ,2,a,21-Jun-15,33,0.2571,,,,Stored,0.131
Core_Syz_2,Syzygium sayeri,SYZ,2,a,21-Jun-15,34,0.2619,,,,Stored,0.1328
Core_Syz_2,Syzygium sayeri,SYZ,2,a,21-Jun-15,35,0.2449,,,,Stored,0.1256
Core_Syz_2,Syzygium sayeri,SYZ,2,a,21-Jun-15,36,0.2256,,,,Stored,0.1171
Core_Syz_2,Syzygium sayeri,SYZ,2,a,21-Jun-15,37,0.2169,,,,Stored,0.1125
Core_Syz_2,Syzygium sayeri,SYZ,2,a,21-Jun-15,38,0.0435,,2,"1.69,2.84",Stored,0.0232
Core_Musc_3,Musgravea heterophylla,MUSC,3,a,21-Jun-15,1,0.1994,0,9,"2 pieces, broke naturally while measuring",Stored,0.0751
Core_Musc_3,Musgravea heterophylla,MUSC,3,a,21-Jun-15,2,0.2324,9,19,,Stored,0.1247
Core_Musc_3,Musgravea heterophylla,MUSC,3,a,21-Jun-15,3,0.2167,19,29,,Stored,0.1151
Core_Musc_3,Musgravea heterophylla,MUSC,3,a,21-Jun-15,4,0.2418,29,39,Black line,Stored,0.1099
Core_Musc_3,Musgravea heterophylla,MUSC,3,a,21-Jun-15,5,0.243,39,49,,Stored,0.1062
Core_Musc_3,Musgravea heterophylla,MUSC,3,a,21-Jun-15,6,0.2415,49,59,,Stored,0.103
Core_Musc_3,Musgravea heterophylla,MUSC,3,a,21-Jun-15,7,0.2478,59,69,,Stored,0.1079
Core_Musc_3,Musgravea heterophylla,MUSC,3,a,21-Jun-15,8,0.2166,69,79,,Stored,0.0925
Core_Musc_3,Musgravea heterophylla,MUSC,3,a,21-Jun-15,9,0.2102,79,89,Split in two lengthwise,Stored,0.0828
Core_Musc_3,Musgravea heterophylla,MUSC,3,a,21-Jun-15,10,0.2037,89,99,Pith,Stored,0.0674
Core_Musc_3,Musgravea heterophylla,MUSC,3,a,21-Jun-15,11,0.2387,99,109,Pith,Stored,0.0896
Core_Musc_3,Musgravea heterophylla,MUSC,3,a,21-Jun-15,12,0.2369,109,119,,Stored,0.1065
Core_Musc_3,Musgravea heterophylla,MUSC,3,a,21-Jun-15,13,0.2347,119,129,,Stored,0.0976
Core_Musc_3,Musgravea heterophylla,MUSC,3,a,21-Jun-15,14,0.2394,129,139,,Stored,0.1028
Core_Musc_3,Musgravea heterophylla,MUSC,3,a,21-Jun-15,15,0.2381,139,149,,Stored,0.1042
Core_Musc_3,Musgravea heterophylla,MUSC,3,a,21-Jun-15,16,0.2185,149,159,,Stored,0.10732
Core_Musc_3,Musgravea heterophylla,MUSC,3,a,21-Jun-15,17,0.2204,159,169,,Stored,0.1216
Core_Musc_3,Musgravea heterophylla,MUSC,3,a,21-Jun-15,18,0.2346,169,179,Has transition zone,Stored,0.105
Core_Elea_1,Elaeocarpus grandis,ELAE,1,a,21-Jun-15,1,0.2115,0,9,"8.98,10 Very soft, Periderm ",Stored,0.0776
Core_Elea_1,Elaeocarpus grandis,ELAE,1,a,21-Jun-15,2,0.1813,9,19,Has transition zone,Stored,0.0952
Core_Elea_1,Elaeocarpus grandis,ELAE,1,a,21-Jun-15,3,0.1567,19,29,,Stored,0.1004
Core_Elea_1,Elaeocarpus grandis,ELAE,1,a,21-Jun-15,4,0.1526,29,39,,Stored,0.0991
Core_Elea_1,Elaeocarpus grandis,ELAE,1,a,21-Jun-15,5,0.1498,39,49,,Stored,0.0989
Core_Elea_1,Elaeocarpus grandis,ELAE,1,a,21-Jun-15,6,0.1658,49,59,,Stored,0.1074
Core_Elea_1,Elaeocarpus grandis,ELAE,1,a,21-Jun-15,7,0.1416,59,69,,Stored,0.0886
Core_Elea_1,Elaeocarpus grandis,ELAE,1,a,21-Jun-15,8,0.1572,69,79,,Stored,0.0966
Core_Elea_1,Elaeocarpus grandis,ELAE,1,a,21-Jun-15,9,0.1547,79,89,,Stored,0.0965
Core_Elea_1,Elaeocarpus grandis,ELAE,1,a,21-Jun-15,10,0.1416,89,99,,Stored,0.0873
Core_Elea_1,Elaeocarpus grandis,ELAE,1,a,21-Jun-15,11,0.1447,99,109,,Stored,0.084
Core_Elea_1,Elaeocarpus grandis,ELAE,1,a,21-Jun-15,12,0.155,109,119,,Stored,0.0903
Core_Elea_1,Elaeocarpus grandis,ELAE,1,a,21-Jun-15,13,0.1698,119,129,,Stored,0.0986
Core_Elea_1,Elaeocarpus grandis,ELAE,1,a,21-Jun-15,14,0.1749,129,139,,Stored,0.0992
Core_Elea_1,Elaeocarpus grandis,ELAE,1,a,21-Jun-15,15,0.1643,139,149,,Stored,0.0945
Core_Elea_1,Elaeocarpus grandis,ELAE,1,a,21-Jun-15,16,0.1486,149,159,Tiny piece,Stored,0.0836
Core_Elea_1,Elaeocarpus grandis,ELAE,1,a,21-Jun-15,17,0.16,159,169,,Stored,0.0958
Core_Elea_1,Elaeocarpus grandis,ELAE,1,a,21-Jun-15,18,0.146,169,179,Tiny piece,Stored,0.0888
Core_Elea_1,Elaeocarpus grandis,ELAE,1,a,21-Jun-15,19,0.1361,179,189,,Stored,0.0851
Core_Elea_1,Elaeocarpus grandis,ELAE,1,a,21-Jun-15,20,0.1467,189,199,,Stored,0.0913
Core_Elea_1,Elaeocarpus grandis,ELAE,1,a,21-Jun-15,21,0.1375,199,209,,Stored,0.0844
Core_Elea_1,Elaeocarpus grandis,ELAE,1,a,21-Jun-15,22,0.1484,209,219,,Stored,0.0904
Core_Elea_1,Elaeocarpus grandis,ELAE,1,a,21-Jun-15,23,0.1639,219,229,,Stored,0.1021
Core_Elea_1,Elaeocarpus grandis,ELAE,1,a,21-Jun-15,24,0.1521,229,239,,Stored,0.0948
Core_Elea_1,Elaeocarpus grandis,ELAE,1,a,21-Jun-15,25,0.1781,239,249,,Stored,0.1099
Core_Elea_1,Elaeocarpus grandis,ELAE,1,a,21-Jun-15,26,0.1706,249,259,,Stored,0.1042
Core_Elea_1,Elaeocarpus grandis,ELAE,1,a,21-Jun-15,27,0.1594,259,269,,Stored,0.0944
Core_Elea_1,Elaeocarpus grandis,ELAE,1,a,21-Jun-15,28,0.1588,269,279,,Stored,0.095
Core_Elea_1,Elaeocarpus grandis,ELAE,1,a,21-Jun-15,29,0.1714,279,289,,Stored,0.1051
Core_Elea_1,Elaeocarpus grandis,ELAE,1,a,21-Jun-15,30,0.1893,289,299,2 pieces,Stored,0.071
Core_Elea_1,Elaeocarpus grandis,ELAE,1,a,21-Jun-15,31,0.1518,299,306,"6.61, 6.6 Few small pieces",Stored,0.0653
Core_Elea_2,Elaeocarpus grandis,ELAE,2,a,21-Jun-15,1,0.2281,0,10,Discontinuity,Stored,0.092
Core_Elea_2,Elaeocarpus grandis,ELAE,2,a,21-Jun-15,2,0.2099,10,20,,Stored,0.068
Core_Elea_2,Elaeocarpus grandis,ELAE,2,a,21-Jun-15,3,0.1576,20,30,,Stored,0.089
Core_Elea_2,Elaeocarpus grandis,ELAE,2,a,21-Jun-15,4,0.1427,30,40,Discontinuity,Stored,0.0869
Core_Elea_2,Elaeocarpus grandis,ELAE,2,a,21-Jun-15,5,0.1341,40,50,,Stored,0.0797
Core_Elea_2,Elaeocarpus grandis,ELAE,2,a,21-Jun-15,6,0.1364,50,60,,Stored,0.0851
Core_Elea_2,Elaeocarpus grandis,ELAE,2,a,21-Jun-15,7,0.1392,60,70,Small piece,Stored,0.0824
Core_Elea_2,Elaeocarpus grandis,ELAE,2,a,21-Jun-15,8,0.1502,70,80,Tiny piece,Stored,0.0792
Core_Elea_2,Elaeocarpus grandis,ELAE,2,a,21-Jun-15,9,0.1652,80,90,,Stored,0.0837
Core_Elea_2,Elaeocarpus grandis,ELAE,2,a,21-Jun-15,10,0.1619,90,100,,Stored,0.0779
Core_Elea_2,Elaeocarpus grandis,ELAE,2,a,21-Jun-15,11,0.1819,100,110,,Stored,0.0897
Core_Elea_2,Elaeocarpus grandis,ELAE,2,a,21-Jun-15,12,0.1558,110,120,,Stored,0.0775
Core_Elea_2,Elaeocarpus grandis,ELAE,2,a,21-Jun-15,13,0.162,120,130,,Stored,0.0838
Core_Elea_2,Elaeocarpus grandis,ELAE,2,a,21-Jun-15,14,0.1601,130,140,,Stored,0.0827
Core_Elea_2,Elaeocarpus grandis,ELAE,2,a,21-Jun-15,15,0.1475,140,150,,Stored,0.0755
Core_Elea_2,Elaeocarpus grandis,ELAE,2,a,21-Jun-15,16,0.1614,150,160,,Stored,0.0839
Core_Elea_2,Elaeocarpus grandis,ELAE,2,a,21-Jun-15,17,0.1388,160,170,,Stored,0.0722
Core_Elea_2,Elaeocarpus grandis,ELAE,2,a,21-Jun-15,18,0.1555,170,180,,Stored,0.0788
Core_Elea_2,Elaeocarpus grandis,ELAE,2,a,21-Jun-15,19,0.137,180,190,,Stored,0.0656
Core_Elea_2,Elaeocarpus grandis,ELAE,2,a,21-Jun-15,20,0.1317,190,200,,Stored,0.0643
Core_Elea_2,Elaeocarpus grandis,ELAE,2,a,21-Jun-15,21,0.1395,200,210,,Stored,0.065
Core_Elea_2,Elaeocarpus grandis,ELAE,2,a,21-Jun-15,22,0.1464,210,220,,Stored,0.0715
Core_Elea_2,Elaeocarpus grandis,ELAE,2,a,21-Jun-15,23,0.1429,220,230,,Stored,0.0699
Core_Elea_2,Elaeocarpus grandis,ELAE,2,a,21-Jun-15,24,0.1504,230,240,,Stored,0.0751
Core_Elea_2,Elaeocarpus grandis,ELAE,2,a,21-Jun-15,25,0.1461,240,250,,Stored,0.0787
Core_Elea_2,Elaeocarpus grandis,ELAE,2,a,21-Jun-15,26,0.157,250,260,,Stored,0.0827
Core_Elea_2,Elaeocarpus grandis,ELAE,2,a,21-Jun-15,27,0.1553,260,270,,Stored,0.0809
Core_Elea_2,Elaeocarpus grandis,ELAE,2,a,21-Jun-15,28,0.1609,270,280,,Stored,0.0834
Core_Elea_2,Elaeocarpus grandis,ELAE,2,a,21-Jun-15,29,0.1649,280,290,,Stored,0.0879
Core_Elea_2,Elaeocarpus grandis,ELAE,2,a,21-Jun-15,30,0.1595,290,300,,Stored,0.0834
Core_Elea_2,Elaeocarpus grandis,ELAE,2,a,21-Jun-15,31,0.1564,300,310,,Stored,0.0825
Core_Elea_2,Elaeocarpus grandis,ELAE,2,a,21-Jun-15,32,0.1455,310,320,,Stored,0.0819
Core_Elea_2,Elaeocarpus grandis,ELAE,2,a,21-Jun-15,33,0.1467,320,330,,Stored,0.0882
Core_Elea_2,Elaeocarpus grandis,ELAE,2,a,21-Jun-15,34,0.1536,330,340,,Stored,0.0935
Core_Elea_2,Elaeocarpus grandis,ELAE,2,a,21-Jun-15,35,0.165,340,350,,Stored,0.099
Core_Elea_2,Elaeocarpus grandis,ELAE,2,a,21-Jun-15,36,0.1894,350,360,,Stored,0.0744
Core_Elea_2,Elaeocarpus grandis,ELAE,2,a,21-Jun-15,37,0.262,360,372,"11.07,12.09  very tiny pieces",Stored,0.1011
Core_Endi_2a,Endiandra microneura,END,2,a,26-Jun-15,1,0.1577,0,10,2 pieces,Stored,0.0728
Core_Endi_2a,Endiandra microneura,END,2,a,26-Jun-15,2,0.2051,10,20,,Stored,0.1194
Core_Endi_2a,Endiandra microneura,END,2,a,26-Jun-15,3,0.179,20,30,,Stored,0.1094
Core_Endi_2a,Endiandra microneura,END,2,a,26-Jun-15,4,0.1679,30,40,,Stored,0.1007
Core_Endi_2a,Endiandra microneura,END,2,a,26-Jun-15,5,0.191,40,50,,Stored,0.1151
Core_Endi_2a,Endiandra microneura,END,2,a,26-Jun-15,6,0.1728,50,60,,Stored,0.1019
Core_Endi_2a,Endiandra microneura,END,2,a,26-Jun-15,7,0.1698,60,70,,Stored,0.1001
Core_Endi_2a,Endiandra microneura,END,2,a,26-Jun-15,8,0.1727,70,80,,Stored,0.0999
Core_Endi_2a,Endiandra microneura,END,2,a,26-Jun-15,9,0.1859,80,90,,Stored,0.1077
Core_Endi_2a,Endiandra microneura,END,2,a,26-Jun-15,10,0.1715,90,100,,Stored,0.0995
Core_Endi_2a,Endiandra microneura,END,2,a,26-Jun-15,11,0.1661,100,110,,Stored,0.0961
Core_Endi_2a,Endiandra microneura,END,2,a,26-Jun-15,12,0.1712,110,120,,Stored,0.099
Core_Endi_2a,Endiandra microneura,END,2,a,26-Jun-15,13,0.1738,120,130,,Stored,0.1018
Core_Endi_2a,Endiandra microneura,END,2,a,26-Jun-15,14,0.1633,130,140,,Stored,0.0962
Core_Endi_2a,Endiandra microneura,END,2,a,26-Jun-15,15,0.1562,140,150,,Stored,0.0928
Core_Endi_2a,Endiandra microneura,END,2,a,26-Jun-15,16,0.1787,150,160,,Stored,0.1027
Core_Endi_2a,Endiandra microneura,END,2,a,26-Jun-15,17,0.1725,160,170,,Stored,0.0994
Core_Endi_2a,Endiandra microneura,END,2,a,26-Jun-15,18,0.1707,170,180,,Stored,0.0972
Core_Endi_2a,Endiandra microneura,END,2,a,26-Jun-15,19,0.16,180,190,,Stored,0.0918
Core_Endi_2a,Endiandra microneura,END,2,a,26-Jun-15,20,0.1611,190,200,,Stored,0.0926
Core_Endi_2a,Endiandra microneura,END,2,a,26-Jun-15,21,0.1738,200,210,,Stored,0.1003
Core_Endi_2a,Endiandra microneura,END,2,a,26-Jun-15,22,0.1652,210,220,,Stored,0.0917
Core_Endi_2a,Endiandra microneura,END,2,a,26-Jun-15,23,0.1661,220,230,,Stored,0.0915
Core_Endi_2a,Endiandra microneura,END,2,a,26-Jun-15,24,0.187,230,240,,Stored,0.1045
Core_Endi_2a,Endiandra microneura,END,2,a,26-Jun-15,25,0.1683,240,250,,Stored,0.0945
Core_Endi_2a,Endiandra microneura,END,2,a,26-Jun-15,26,0.1635,250,260,,Stored,0.0932
Core_Endi_2a,Endiandra microneura,END,2,a,26-Jun-15,27,0.1465,260,270,,Stored,0.0843
Core_Endi_2a,Endiandra microneura,END,2,a,26-Jun-15,28,0.1738,270,280,,Stored,0.103
Core_Endi_2a,Endiandra microneura,END,2,a,26-Jun-15,29,0.1649,280,290,,Stored,0.1001
Core_Endi_2a,Endiandra microneura,END,2,a,26-Jun-15,30,0.1571,290,300,,Stored,0.095
Core_Endi_2a,Endiandra microneura,END,2,a,26-Jun-15,31,0.1577,300,310,,Stored,0.0916
Core_Endi_2a,Endiandra microneura,END,2,a,26-Jun-15,32,0.1676,310,320,,Stored,0.0984
Core_Endi_2a,Endiandra microneura,END,2,a,26-Jun-15,33,0.1659,320,330,,Stored,0.0972
Core_Endi_2a,Endiandra microneura,END,2,a,26-Jun-15,34,0.1659,330,340,,Stored,0.0971
Core_Endi_2a,Endiandra microneura,END,2,a,26-Jun-15,35,0.1751,340,350,,Stored,0.1033
Core_Endi_2a,Endiandra microneura,END,2,a,26-Jun-15,36,0.173,350,360,Transition ,Stored,0.0946
Core_Endi_2a,Endiandra microneura,END,2,a,26-Jun-15,37,0.0912,360,363,outer bark0f 2.39 mm thickness lost from core as flake on outside,Stored,0.0407
Core_Endi_1,Endiandra microneura,END,1,a,26-Jun-15,1,0.2141,0,10,,Stored,0.1145
Core_Endi_1,Endiandra microneura,END,1,a,26-Jun-15,2,0.199,10,20,,Stored,0.1254
Core_Endi_1,Endiandra microneura,END,1,a,26-Jun-15,3,0.1881,20,30,,Stored,0.12
Core_Endi_1,Endiandra microneura,END,1,a,26-Jun-15,4,0.1904,30,40,,Stored,0.1244
Core_Endi_1,Endiandra microneura,END,1,a,26-Jun-15,5,0.1895,40,50,,Stored,0.1222
Core_Endi_1,Endiandra microneura,END,1,a,26-Jun-15,6,0.178,50,60,,Stored,0.113
Core_Endi_1,Endiandra microneura,END,1,a,26-Jun-15,7,0.1702,60,70,,Stored,0.1089
Core_Endi_1,Endiandra microneura,END,1,a,26-Jun-15,8,0.1773,70,80,,Stored,0.1123
Core_Endi_1,Endiandra microneura,END,1,a,26-Jun-15,9,0.1903,80,90,,Stored,0.1236
Core_Endi_1,Endiandra microneura,END,1,a,26-Jun-15,10,0.1682,90,100,,Stored,0.1087
Core_Endi_1,Endiandra microneura,END,1,a,26-Jun-15,11,0.1885,100,110,,Stored,0.1197
Core_Endi_1,Endiandra microneura,END,1,a,26-Jun-15,12,0.178,110,120,,Stored,0.114
Core_Endi_1,Endiandra microneura,END,1,a,26-Jun-15,13,0.1772,120,130,,Stored,0.1138
Core_Endi_1,Endiandra microneura,END,1,a,26-Jun-15,14,0.1689,130,140,,Stored,0.1122
Core_Endi_1,Endiandra microneura,END,1,a,26-Jun-15,15,0.18,140,150,,Stored,0.118
Core_Endi_1,Endiandra microneura,END,1,a,26-Jun-15,16,0.1817,150,160,,Stored,0.1178
Core_Endi_1,Endiandra microneura,END,1,a,26-Jun-15,17,0.1857,160,170,,Stored,0.1169
Core_Endi_1,Endiandra microneura,END,1,a,26-Jun-15,18,0.1786,170,180,,Stored,0.111
Core_Endi_1,Endiandra microneura,END,1,a,26-Jun-15,19,0.184,180,190,,Stored,0.116
Core_Endi_1,Endiandra microneura,END,1,a,26-Jun-15,20,0.1835,190,200,,Stored,0.1204
Core_Endi_1,Endiandra microneura,END,1,a,26-Jun-15,21,0.182,200,210,,Stored,0.1174
Core_Endi_1,Endiandra microneura,END,1,a,26-Jun-15,22,0.1736,210,220,,Stored,0.1119
Core_Endi_1,Endiandra microneura,END,1,a,26-Jun-15,23,0.1711,220,230,,Stored,0.1101
Core_Endi_1,Endiandra microneura,END,1,a,26-Jun-15,24,0.1611,230,240,,Stored,0.1025
Core_Endi_1,Endiandra microneura,END,1,a,26-Jun-15,25,0.1741,240,250,,Stored,0.1125
Core_Endi_1,Endiandra microneura,END,1,a,26-Jun-15,26,0.1841,250,260,,Stored,0.1206
Core_Endi_1,Endiandra microneura,END,1,a,26-Jun-15,27,0.1718,260,270,,Stored,0.1155
Core_Endi_1,Endiandra microneura,END,1,a,26-Jun-15,28,0.1794,270,280,,Stored,0.116
Core_Endi_1,Endiandra microneura,END,1,a,26-Jun-15,29,0.1857,280,290,,Stored,0.125
Core_Endi_1,Endiandra microneura,END,1,a,26-Jun-15,30,0.1749,290,300,,Stored,0.1141
Core_Endi_1,Endiandra microneura,END,1,a,26-Jun-15,31,0.1804,300,310,Small piece,Stored,0.1197
Core_Endi_1,Endiandra microneura,END,1,a,26-Jun-15,32,0.1799,310,320,,Stored,0.1235
Core_Endi_1,Endiandra microneura,END,1,a,26-Jun-15,33,0.1851,320,330,,Stored,0.126
Core_Endi_1,Endiandra microneura,END,1,a,26-Jun-15,34,0.1876,330,340,,Stored,0.1274
Core_Endi_1,Endiandra microneura,END,1,a,26-Jun-15,35,0.2169,340,350,,Stored,0.1193
Core_Cast_3a,Castanospermum australe,CAST,3,a,26-Jun-15,1,0.2097,0,10,"Small piece, Transition periderm to sapwood",Stored,0.0953
Core_Cast_3a,Castanospermum australe,CAST,3,a,26-Jun-15,2,0.2118,10,20,,Stored,0.133
Core_Cast_3a,Castanospermum australe,CAST,3,a,26-Jun-15,3,0.1961,20,30,,Stored,0.1311
Core_Cast_3a,Castanospermum australe,CAST,3,a,26-Jun-15,4,0.1928,30,40,,Stored,0.1322
Core_Cast_3a,Castanospermum australe,CAST,3,a,26-Jun-15,5,0.1966,40,50,,Stored,0.137
Core_Cast_3a,Castanospermum australe,CAST,3,a,26-Jun-15,6,0.1924,50,60,,Stored,0.1312
Core_Cast_3a,Castanospermum australe,CAST,3,a,26-Jun-15,7,0.1919,60,70,,Stored,0.1315
Core_Cast_3a,Castanospermum australe,CAST,3,a,26-Jun-15,8,0.2008,70,80,,Stored,0.138
Core_Cast_3a,Castanospermum australe,CAST,3,a,26-Jun-15,9,0.2081,80,90,,Stored,0.139
Core_Cast_3a,Castanospermum australe,CAST,3,a,26-Jun-15,10,0.2301,90,100,Transition sapwood to heartwood,Stored,0.135
Core_Cast_3a,Castanospermum australe,CAST,3,a,26-Jun-15,11,0.2549,100,110,,Stored,0.1422
Core_Cast_3a,Castanospermum australe,CAST,3,a,26-Jun-15,12,0.2425,110,120,,Stored,0.1369
Core_Cast_3a,Castanospermum australe,CAST,3,a,26-Jun-15,13,0.2551,120,130,,Stored,0.1492
Core_Cast_3a,Castanospermum australe,CAST,3,a,26-Jun-15,14,0.2555,130,140,,Stored,0.1544
Core_Cast_3a,Castanospermum australe,CAST,3,a,26-Jun-15,15,0.2506,140,150,,Stored,0.1493
Core_Cast_3a,Castanospermum australe,CAST,3,a,26-Jun-15,16,0.2465,150,160,,Stored,0.1365
Core_Cast_3a,Castanospermum australe,CAST,3,a,26-Jun-15,17,0.2522,160,170,,Stored,0.1436
Core_Cast_3a,Castanospermum australe,CAST,3,a,26-Jun-15,18,0.258,170,180,,Stored,0.1456
Core_Cast_3a,Castanospermum australe,CAST,3,a,26-Jun-15,19,0.2388,180,190,,Stored,0.1287
Core_Cast_3a,Castanospermum australe,CAST,3,a,26-Jun-15,20,0.2438,190,200,,Stored,0.1274
Core_Cast_3a,Castanospermum australe,CAST,3,a,26-Jun-15,21,0.2371,200,210,Tiny piece,Stored,0.1136
Core_Cast_3a,Castanospermum australe,CAST,3,a,26-Jun-15,22,0.0492,210,212,"1.12,3.18",Stored,0.0245
Core_Alphi_3,Alphitonia petriei,ALPH,3,a,26-Jun-15,1,0.2084,0,10,,Stored,0.0963
Core_Alphi_3,Alphitonia petriei,ALPH,3,a,26-Jun-15,2,0.1777,10,20,,Stored,0.1128
Core_Alphi_3,Alphitonia petriei,ALPH,3,a,26-Jun-15,3,0.1765,20,30,,Stored,0.1133
Core_Alphi_3,Alphitonia petriei,ALPH,3,a,26-Jun-15,4,0.1621,30,40,,Stored,0.1003
Core_Alphi_3,Alphitonia petriei,ALPH,3,a,26-Jun-15,5,0.1657,40,50,,Stored,0.1005
Core_Alphi_3,Alphitonia petriei,ALPH,3,a,26-Jun-15,6,0.1494,50,60,,Stored,0.0821
Core_Alphi_3,Alphitonia petriei,ALPH,3,a,26-Jun-15,7,0.1747,60,70,,Stored,0.081
Core_Alphi_3,Alphitonia petriei,ALPH,3,a,26-Jun-15,8,0.2442,70,80,,Stored,0.0765
Core_Alphi_3,Alphitonia petriei,ALPH,3,a,26-Jun-15,9,0.2311,80,90,,Stored,0.0667
Core_Alphi_3,Alphitonia petriei,ALPH,3,a,26-Jun-15,10,0.2134,90,100,9.65,Stored,0.0642
Core_Alphi_3,Alphitonia petriei,ALPH,3,a,26-Jun-15,11,0.209,100,108,8.77,Stored,0.0647
Core_Alphi_3,Alphitonia petriei,ALPH,3,a,26-Jun-15,12,0.2318,108,118,,Stored,0.067
Core_Alphi_3,Alphitonia petriei,ALPH,3,a,26-Jun-15,13,0.2243,118,128,,Stored,0.0701
Core_Alphi_3,Alphitonia petriei,ALPH,3,a,26-Jun-15,14,0.2002,128,138,,Stored,0.0768
Core_Alphi_3,Alphitonia petriei,ALPH,3,a,26-Jun-15,15,0.1533,138,148,,Stored,0.0856
Core_Alphi_3,Alphitonia petriei,ALPH,3,a,26-Jun-15,16,0.1434,148,158,,Stored,0.0894
Core_Alphi_3,Alphitonia petriei,ALPH,3,a,26-Jun-15,17,0.1644,158,168,,Stored,0.1039
Core_Alphi_3,Alphitonia petriei,ALPH,3,a,26-Jun-15,18,0.1706,168,178,,Stored,0.104
Core_Alphi_3,Alphitonia petriei,ALPH,3,a,26-Jun-15,19,0.1843,178,188,,Stored,0.1151
Core_Alphi_3,Alphitonia petriei,ALPH,3,a,26-Jun-15,20,0.1821,188,198,,Stored,0.1189
Core_Alphi_3,Alphitonia petriei,ALPH,3,a,26-Jun-15,21,0.1891,198,208,,Stored,0.0933
Core_Elea_3,Elaeocarpus grandis,ELAE,3,a,26-Jun-15,1,0.2293,0,10,,Stored,0.0835
Core_Elea_3,Elaeocarpus grandis,ELAE,3,a,26-Jun-15,2,0.1889,10,20,,Stored,0.0896
Core_Elea_3,Elaeocarpus grandis,ELAE,3,a,26-Jun-15,3,0.1716,20,30,,Stored,0.1003
Core_Elea_3,Elaeocarpus grandis,ELAE,3,a,26-Jun-15,4,0.1493,30,40,,Stored,0.0877
Core_Elea_3,Elaeocarpus grandis,ELAE,3,a,26-Jun-15,5,0.153,40,50,,Stored,0.0833
Core_Elea_3,Elaeocarpus grandis,ELAE,3,a,26-Jun-15,6,0.151,50,60,,Stored,0.0824
Core_Elea_3,Elaeocarpus grandis,ELAE,3,a,26-Jun-15,7,0.1602,60,70,,Stored,0.0952
Core_Elea_3,Elaeocarpus grandis,ELAE,3,a,26-Jun-15,8,0.1525,70,80,,Stored,0.0873
Core_Elea_3,Elaeocarpus grandis,ELAE,3,a,26-Jun-15,9,0.1503,80,90,,Stored,0.0843
Core_Elea_3,Elaeocarpus grandis,ELAE,3,a,26-Jun-15,10,0.1514,90,100,,Stored,0.0843
Core_Elea_3,Elaeocarpus grandis,ELAE,3,a,26-Jun-15,11,0.153,100,110,,Stored,0.0865
Core_Elea_3,Elaeocarpus grandis,ELAE,3,a,26-Jun-15,12,0.1444,110,120,,Stored,0.0819
Core_Elea_3,Elaeocarpus grandis,ELAE,3,a,26-Jun-15,13,0.1333,120,130,,Stored,0.0763
Core_Elea_3,Elaeocarpus grandis,ELAE,3,a,26-Jun-15,14,0.1445,130,140,,Stored,0.0816
Core_Elea_3,Elaeocarpus grandis,ELAE,3,a,26-Jun-15,15,0.1522,140,150,,Stored,0.082
Core_Elea_3,Elaeocarpus grandis,ELAE,3,a,26-Jun-15,16,0.1398,150,160,,Stored,0.073
Core_Elea_3,Elaeocarpus grandis,ELAE,3,a,26-Jun-15,17,0.1563,160,170,,Stored,0.086
Core_Elea_3,Elaeocarpus grandis,ELAE,3,a,26-Jun-15,18,0.1517,170,180,,Stored,0.0804
Core_Elea_3,Elaeocarpus grandis,ELAE,3,a,26-Jun-15,19,0.1583,180,190,,Stored,0.0844
Core_Elea_3,Elaeocarpus grandis,ELAE,3,a,26-Jun-15,20,0.1665,190,200,,Stored,0.0891
Core_Elea_3,Elaeocarpus grandis,ELAE,3,a,26-Jun-15,21,0.1509,200,210,,Stored,0.0847
Core_Elea_3,Elaeocarpus grandis,ELAE,3,a,26-Jun-15,22,0.1638,210,220,,Stored,0.0961
Core_Elea_3,Elaeocarpus grandis,ELAE,3,a,26-Jun-15,23,0.1733,220,230,,Stored,0.1018
Core_Elea_3,Elaeocarpus grandis,ELAE,3,a,26-Jun-15,24,0.1732,230,240,,Stored,0.0995
Core_Elea_3,Elaeocarpus grandis,ELAE,3,a,26-Jun-15,25,0.1672,240,250,,Stored,0.096
Core_Elea_3,Elaeocarpus grandis,ELAE,3,a,26-Jun-15,26,0.185,250,260,,Stored,0.1066
Core_Elea_3,Elaeocarpus grandis,ELAE,3,a,26-Jun-15,27,0.1669,260,270,,Stored,0.0936
Core_Elea_3,Elaeocarpus grandis,ELAE,3,a,26-Jun-15,28,0.188,270,280,,Stored,0.1047
Core_Elea_3,Elaeocarpus grandis,ELAE,3,a,26-Jun-15,29,0.1943,280,290,,Stored,0.1019
Core_Elea_3,Elaeocarpus grandis,ELAE,3,a,26-Jun-15,30,0.218,290,300,"10.3,9.58 Transition sapwood into periderm (darker)",Stored,0.0809
Core_Cast_2,Castanospermum australe,CAST,2,a,26-Jun-15,1,0.2364,0,10,Transition,Stored,0.1114
Core_Cast_2,Castanospermum australe,CAST,2,a,26-Jun-15,2,0.2108,10,20,"Small piece, piece is likely cambium",Stored,0.1205
Core_Cast_2,Castanospermum australe,CAST,2,a,26-Jun-15,3,0.192,20,30,,Stored,0.123
Core_Cast_2,Castanospermum australe,CAST,2,a,26-Jun-15,4,0.1963,30,40,,Stored,0.1275
Core_Cast_2,Castanospermum australe,CAST,2,a,26-Jun-15,5,0.1992,40,50,,Stored,0.1255
Core_Cast_2,Castanospermum australe,CAST,2,a,26-Jun-15,6,0.1897,50,60,,Stored,0.1201
Core_Cast_2,Castanospermum australe,CAST,2,a,26-Jun-15,7,0.1963,60,70,,Stored,0.1215
Core_Cast_2,Castanospermum australe,CAST,2,a,26-Jun-15,8,0.2127,70,80,Transition sapwood to heartwood,Stored,0.1254
Core_Cast_2,Castanospermum australe,CAST,2,a,26-Jun-15,9,0.2453,80,90,,Stored,0.1396
Core_Cast_2,Castanospermum australe,CAST,2,a,26-Jun-15,10,0.2525,90,100,,Stored,0.1438
Core_Cast_2,Castanospermum australe,CAST,2,a,26-Jun-15,11,0.2502,100,110,,Stored,0.1455
Core_Cast_2,Castanospermum australe,CAST,2,a,26-Jun-15,12,0.255,110,120,,Stored,0.1411
Core_Cast_2,Castanospermum australe,CAST,2,a,26-Jun-15,13,0.2471,120,130,,Stored,0.1375
Core_Cast_2,Castanospermum australe,CAST,2,a,26-Jun-15,14,0.2423,130,140,,Stored,0.1286
Core_Cast_2,Castanospermum australe,CAST,2,a,26-Jun-15,15,0.2425,140,150,,Stored,0.1314
Core_Cast_2,Castanospermum australe,CAST,2,a,26-Jun-15,16,0.2335,150,160,,Stored,0.1271
Core_Cast_2,Castanospermum australe,CAST,2,a,26-Jun-15,17,0.2527,160,170,,Stored,0.1316
Core_Cast_2,Castanospermum australe,CAST,2,a,26-Jun-15,18,0.2384,170,180,,Stored,0.1314
Core_Cast_2,Castanospermum australe,CAST,2,a,26-Jun-15,19,0.2511,180,190,,Stored,0.1383
Core_Cast_2,Castanospermum australe,CAST,2,a,26-Jun-15,20,0.2486,190,200,,Stored,0.1306
Core_Cast_2,Castanospermum australe,CAST,2,a,26-Jun-15,21,0.243,200,210,,Stored,0.1302
Core_Cast_2,Castanospermum australe,CAST,2,a,26-Jun-15,22,0.2573,210,220,,Stored,0.1503
Core_Cast_2,Castanospermum australe,CAST,2,a,26-Jun-15,23,0.2562,220,230,,Stored,0.1401
Core_Cast_2,Castanospermum australe,CAST,2,a,26-Jun-15,24,0.2422,230,240,,Stored,0.1361
Core_Cast_2,Castanospermum australe,CAST,2,a,26-Jun-15,25,0.2422,240,250,,Stored,0.1331
Core_Cast_2,Castanospermum australe,CAST,2,a,26-Jun-15,26,0.2532,250,260,,Stored,0.1402
Core_Cast_2,Castanospermum australe,CAST,2,a,26-Jun-15,27,0.2541,260,270,,Stored,0.1408
Core_Cast_2,Castanospermum australe,CAST,2,a,26-Jun-15,28,0.2482,270,280,,Stored,0.1221
Core_Cast_2,Castanospermum australe,CAST,2,a,26-Jun-15,29,0.4215,280,330,"8 pieces, punky bit for 29-33 cm so only have the 1 mass for this section",Stored,0.1971
Core_Cast_2,Castanospermum australe,CAST,2,a,26-Jun-15,30,NA,NA,NA,,Stored,NA
Core_Cast_2,Castanospermum australe,CAST,2,a,26-Jun-15,31,NA,NA,NA,,Stored,NA
Core_Cast_2,Castanospermum australe,CAST,2,a,26-Jun-15,32,NA,NA,NA,,Stored,NA
Core_Cast_2,Castanospermum australe,CAST,2,a,26-Jun-15,33,NA,NA,NA,,Stored,NA
Core_Cast_2,Castanospermum australe,CAST,2,a,26-Jun-15,34,0.2462,330,340,,Stored,0.1215
Core_Cast_2,Castanospermum australe,CAST,2,a,26-Jun-15,35,0.2493,340,350,,Stored,0.134
Core_Cast_2,Castanospermum australe,CAST,2,a,26-Jun-15,36,0.2126,350,359,8.57 2 pieces,Stored,0.1208
Core_Syz_3a,Syzygium sayeri,SYZ,3,a,26-Jun-15,1,0.1991,0,10,2 pieces,Stored,0.0876
Core_Syz_3a,Syzygium sayeri,SYZ,3,a,26-Jun-15,2,0.2073,10,20,,Stored,0.0984
Core_Syz_3a,Syzygium sayeri,SYZ,3,a,26-Jun-15,3,0.2094,20,30,,Stored,0.0939
Core_Syz_3a,Syzygium sayeri,SYZ,3,a,26-Jun-15,4,0.2133,30,40,,Stored,0.0993
Core_Syz_3a,Syzygium sayeri,SYZ,3,a,26-Jun-15,5,0.2043,40,50,,Stored,0.1008
Core_Syz_3a,Syzygium sayeri,SYZ,3,a,26-Jun-15,6,0.1954,50,60,,Stored,0.0998
Core_Syz_3a,Syzygium sayeri,SYZ,3,a,26-Jun-15,7,0.1952,60,70,,Stored,0.0962
Core_Syz_3a,Syzygium sayeri,SYZ,3,a,26-Jun-15,8,0.1967,70,80,,Stored,0.0945
Core_Syz_3a,Syzygium sayeri,SYZ,3,a,26-Jun-15,9,0.1972,80,90,,Stored,0.0979
Core_Syz_3a,Syzygium sayeri,SYZ,3,a,26-Jun-15,10,0.2301,90,100,,Stored,0.1009
Core_Syz_3a,Syzygium sayeri,SYZ,3,a,26-Jun-15,11,0.2292,100,110,,Stored,0.0934
Core_Syz_3a,Syzygium sayeri,SYZ,3,a,26-Jun-15,12,0.2481,110,120,,Stored,0.1077
Core_Syz_3a,Syzygium sayeri,SYZ,3,a,26-Jun-15,13,0.2395,120,130,,Stored,0.1005
Core_Syz_3a,Syzygium sayeri,SYZ,3,a,26-Jun-15,14,0.2417,130,140,,Stored,0.1022
Core_Syz_3a,Syzygium sayeri,SYZ,3,a,26-Jun-15,15,0.2358,140,150,,Stored,0.1068
Core_Syz_3a,Syzygium sayeri,SYZ,3,a,26-Jun-15,16,0.246,150,160,,Stored,0.1158
Core_Syz_3a,Syzygium sayeri,SYZ,3,a,26-Jun-15,17,0.2435,160,170,,Stored,0.1152
Core_Syz_3a,Syzygium sayeri,SYZ,3,a,26-Jun-15,18,0.2332,170,180,,Stored,0.1064
Core_Syz_3a,Syzygium sayeri,SYZ,3,a,26-Jun-15,19,0.2491,180,190,,Stored,0.1148
Core_Syz_3a,Syzygium sayeri,SYZ,3,a,26-Jun-15,20,0.237,190,200,,Stored,0.1122
Core_Syz_3a,Syzygium sayeri,SYZ,3,a,26-Jun-15,21,0.2433,200,210,,Stored,0.116
Core_Syz_3a,Syzygium sayeri,SYZ,3,a,26-Jun-15,22,0.2434,210,220,,Stored,0.1126
Core_Syz_3a,Syzygium sayeri,SYZ,3,a,26-Jun-15,23,0.2412,220,230,,Stored,0.1119
Core_Syz_3a,Syzygium sayeri,SYZ,3,a,26-Jun-15,24,0.24,230,240,,Stored,0.1038
Core_Syz_3a,Syzygium sayeri,SYZ,3,a,26-Jun-15,25,0.2471,240,250,,Stored,0.1058
Core_Syz_3a,Syzygium sayeri,SYZ,3,a,26-Jun-15,26,0.2418,250,260,,Stored,0.1016
Core_Syz_3a,Syzygium sayeri,SYZ,3,a,26-Jun-15,27,0.2375,260,270,,Stored,0.1033
Core_Syz_3a,Syzygium sayeri,SYZ,3,a,26-Jun-15,28,0.2299,270,280,,Stored,0.0973
Core_Syz_3a,Syzygium sayeri,SYZ,3,a,26-Jun-15,29,0.2358,280,290,,Stored,0.1043
Core_Syz_3a,Syzygium sayeri,SYZ,3,a,26-Jun-15,30,0.2411,290,300,,Stored,0.0997
Core_Syz_3a,Syzygium sayeri,SYZ,3,a,26-Jun-15,31,0.2386,300,310,,Stored,0.0982
Core_Syz_3a,Syzygium sayeri,SYZ,3,a,26-Jun-15,32,0.2054,310,320,,Stored,0.0989
Core_Syz_3a,Syzygium sayeri,SYZ,3,a,26-Jun-15,33,0.2027,320,330,,Stored,0.0983
Core_Syz_3a,Syzygium sayeri,SYZ,3,a,26-Jun-15,34,0.1962,330,340,,Stored,0.0942
Core_Syz_3a,Syzygium sayeri,SYZ,3,a,26-Jun-15,35,0.2106,340,350,,Stored,0.1057
Core_Syz_3a,Syzygium sayeri,SYZ,3,a,26-Jun-15,36,0.1891,350,359,"9.86,7.86",Stored,0.0957
Core_Elae_3_B,Elaeocarpus grandis,ELAE,3,b,5-Jul-15,1,0.2528,0,11,"10.69,12.14 Bark periderm",Fresh,0.093
Core_Elae_3_B,Elaeocarpus grandis,ELAE,3,b,5-Jul-15,2,0.1763,11,21,,Fresh,0.0917
Core_Elae_3_B,Elaeocarpus grandis,ELAE,3,b,5-Jul-15,3,0.1685,21,31,,Fresh,0.0939
Core_Elae_3_B,Elaeocarpus grandis,ELAE,3,b,5-Jul-15,4,0.1579,31,41,,Fresh,0.0852
Core_Elae_3_B,Elaeocarpus grandis,ELAE,3,b,5-Jul-15,5,0.1568,41,51,,Fresh,0.0835
Core_Elae_3_B,Elaeocarpus grandis,ELAE,3,b,5-Jul-15,6,0.1564,51,61,,Fresh,0.0839
Core_Elae_3_B,Elaeocarpus grandis,ELAE,3,b,5-Jul-15,7,0.1728,61,71,,Fresh,0.0928
Core_Elae_3_B,Elaeocarpus grandis,ELAE,3,b,5-Jul-15,8,0.1654,71,81,,Fresh,0.0828
Core_Elae_3_B,Elaeocarpus grandis,ELAE,3,b,5-Jul-15,9,0.1522,81,91,,Fresh,0.0802
Core_Elae_3_B,Elaeocarpus grandis,ELAE,3,b,5-Jul-15,10,0.1612,91,101,,Fresh,0.0823
Core_Elae_3_B,Elaeocarpus grandis,ELAE,3,b,5-Jul-15,11,0.1602,101,111,,Fresh,0.086
Core_Elae_3_B,Elaeocarpus grandis,ELAE,3,b,5-Jul-15,12,0.1462,111,121,9.32,Fresh,0.0741
Core_Elae_3_B,Elaeocarpus grandis,ELAE,3,b,5-Jul-15,13,0.1616,121,131,breakage,Fresh,0.0802
Core_Elae_3_B,Elaeocarpus grandis,ELAE,3,b,5-Jul-15,14,0.1605,131,141,,Fresh,0.0808
Core_Elae_3_B,Elaeocarpus grandis,ELAE,3,b,5-Jul-15,15,0.1575,141,151,,Fresh,0.0742
Core_Elae_3_B,Elaeocarpus grandis,ELAE,3,b,5-Jul-15,16,0.1509,151,161,,Fresh,0.0761
Core_Elae_3_B,Elaeocarpus grandis,ELAE,3,b,5-Jul-15,17,0.1494,161,171,,Fresh,0.0807
Core_Elae_3_B,Elaeocarpus grandis,ELAE,3,b,5-Jul-15,18,0.1503,171,181,,Fresh,0.0766
Core_Elae_3_B,Elaeocarpus grandis,ELAE,3,b,5-Jul-15,19,0.1592,181,191,,Fresh,0.0849
Core_Elae_3_B,Elaeocarpus grandis,ELAE,3,b,5-Jul-15,20,0.1658,191,201,,Fresh,0.0917
Core_Elae_3_B,Elaeocarpus grandis,ELAE,3,b,5-Jul-15,21,0.1603,201,211,,Fresh,0.0858
Core_Elae_3_B,Elaeocarpus grandis,ELAE,3,b,5-Jul-15,22,0.1705,211,221,,Fresh,0.0953
Core_Elae_3_B,Elaeocarpus grandis,ELAE,3,b,5-Jul-15,23,0.1675,221,231,,Fresh,0.096
Core_Elae_3_B,Elaeocarpus grandis,ELAE,3,b,5-Jul-15,24,0.1755,231,241,,Fresh,0.0956
Core_Elae_3_B,Elaeocarpus grandis,ELAE,3,b,5-Jul-15,25,0.1788,241,251,,Fresh,0.0979
Core_Elae_3_B,Elaeocarpus grandis,ELAE,3,b,5-Jul-15,26,0.1872,251,261,perfect 10,Fresh,0.1062
Core_Elae_3_B,Elaeocarpus grandis,ELAE,3,b,5-Jul-15,27,0.1984,261,271,,Fresh,0.1091
Core_Elae_3_B,Elaeocarpus grandis,ELAE,3,b,5-Jul-15,28,0.1755,271,281,,Fresh,0.1048
Core_Elae_3_B,Elaeocarpus grandis,ELAE,3,b,5-Jul-15,29,0.181,281,291,,Fresh,0.1023
Core_Elae_3_B,Elaeocarpus grandis,ELAE,3,b,5-Jul-15,30,0.0866,291,296,"4.76,5.01",Fresh,0.0456
Core_Elae_3_B,Elaeocarpus grandis,ELAE,3,b,5-Jul-15,31,0.1787,296,303,"7.7,7.72 Bark periderm",Fresh,0.0628
Core_End_1_B,Endiandra microneura,END,1,b,5-Jul-15,1,0.201,0,8,"8.3,8.3 Bark and cambium",Fresh,0.1033
Core_End_1_B,Endiandra microneura,END,1,b,5-Jul-15,2,0.2062,8,19,"10.75,9.83",Fresh,0.1234
Core_End_1_B,Endiandra microneura,END,1,b,5-Jul-15,3,0.1966,19,29,,Fresh,0.1234
Core_End_1_B,Endiandra microneura,END,1,b,5-Jul-15,4,0.1971,29,39,,Fresh,0.1239
Core_End_1_B,Endiandra microneura,END,1,b,5-Jul-15,5,0.1997,39,49,,Fresh,0.1222
Core_End_1_B,Endiandra microneura,END,1,b,5-Jul-15,6,0.1844,49,59,,Fresh,0.1106
Core_End_1_B,Endiandra microneura,END,1,b,5-Jul-15,7,0.1895,59,69,,Fresh,0.1142
Core_End_1_B,Endiandra microneura,END,1,b,5-Jul-15,8,0.1827,69,79,,Fresh,0.1104
Core_End_1_B,Endiandra microneura,END,1,b,5-Jul-15,9,0.2005,79,89,,Fresh,0.1247
Core_End_1_B,Endiandra microneura,END,1,b,5-Jul-15,10,0.1957,89,99,,Fresh,0.1168
Core_End_1_B,Endiandra microneura,END,1,b,5-Jul-15,11,0.1939,99,109,,Fresh,0.118
Core_End_1_B,Endiandra microneura,END,1,b,5-Jul-15,12,0.1981,109,119,,Fresh,0.1211
Core_End_1_B,Endiandra microneura,END,1,b,5-Jul-15,13,0.1838,119,129,,Fresh,0.1092
Core_End_1_B,Endiandra microneura,END,1,b,5-Jul-15,14,0.1962,129,139,,Fresh,0.1181
Core_End_1_B,Endiandra microneura,END,1,b,5-Jul-15,15,0.1904,139,149,,Fresh,0.1125
Core_End_1_B,Endiandra microneura,END,1,b,5-Jul-15,16,0.1853,149,159,,Fresh,0.1067
Core_End_1_B,Endiandra microneura,END,1,b,5-Jul-15,17,0.1792,159,169,,Fresh,0.1043
Core_End_1_B,Endiandra microneura,END,1,b,5-Jul-15,18,0.1929,169,179,,Fresh,0.1168
Core_End_1_B,Endiandra microneura,END,1,b,5-Jul-15,19,0.187,179,189,,Fresh,0.1152
Core_End_1_B,Endiandra microneura,END,1,b,5-Jul-15,20,0.1846,189,199,,Fresh,0.1109
Core_End_1_B,Endiandra microneura,END,1,b,5-Jul-15,21,0.1853,199,209,,Fresh,0.1114
Core_End_1_B,Endiandra microneura,END,1,b,5-Jul-15,22,0.1858,209,219,,Fresh,0.1126
Core_End_1_B,Endiandra microneura,END,1,b,5-Jul-15,23,0.1935,219,229,,Fresh,0.1184
Core_End_1_B,Endiandra microneura,END,1,b,5-Jul-15,24,0.1935,229,239,,Fresh,0.1179
Core_End_1_B,Endiandra microneura,END,1,b,5-Jul-15,25,0.1923,239,249,,Fresh,0.114
Core_End_1_B,Endiandra microneura,END,1,b,5-Jul-15,26,0.199,249,259,star of discoluration,Fresh,0.1156
Core_End_1_B,Endiandra microneura,END,1,b,5-Jul-15,27,0.1964,259,269,hit line of resi-drill,Fresh,0.1087
Core_End_1_B,Endiandra microneura,END,1,b,5-Jul-15,28,0.1953,269,279,,Fresh,0.1083
Core_End_1_B,Endiandra microneura,END,1,b,5-Jul-15,29,0.1992,279,289,,Fresh,0.096
Core_End_1_B,Endiandra microneura,END,1,b,5-Jul-15,30,0.228,289,299,,Fresh,0.115
Core_End_1_B,Endiandra microneura,END,1,b,5-Jul-15,31,0.2305,299,309,,Fresh,0.1152
Core_End_1_B,Endiandra microneura,END,1,b,5-Jul-15,32,0.2103,309,319,,Fresh,0.1117
Core_End_1_B,Endiandra microneura,END,1,b,5-Jul-15,33,0.2171,319,329,,Fresh,0.1207
Core_End_1_B,Endiandra microneura,END,1,b,5-Jul-15,34,0.2451,329,340,"11.63,10.41 cambium bark ",Fresh,0.1534
Core_MELA_2,Melaluca,MEL,2,a,,1,0.03572,0,3,outer bark0f ,,0.0237
Core_MELA_2,Melaluca,MEL,2,a,,2,0.2125,3,13,,,0.1477
Core_MELA_2,Melaluca,MEL,2,a,,3,0.2397,13,23,transition,,0.1661
Core_MELA_2,Melaluca,MEL,2,a,,4,0.2298,23,33,,,0.1651
Core_MELA_2,Melaluca,MEL,2,a,,5,0.2283,33,43,,,0.1655
Core_MELA_2,Melaluca,MEL,2,a,,6,0.2037,43,52,,,0.1448
Core_MELA_3,Melaluca,MEL,3,a,,1,0.0774,0,6,,,0.0556
Core_MELA_3,Melaluca,MEL,3,a,,2,0.2019,6,16,sap wood transition,,0.1483
Core_MELA_3,Melaluca,MEL,3,a,,3,0.2255,16,26,,,0.1657
Core_MELA_3,Melaluca,MEL,3,a,,4,0.2221,26,36,,,0.1638
Core_MELA_3,Melaluca,MEL,3,a,,5,0.233,36,46,,,0.1691
Core_MELA_3,Melaluca,MEL,3,a,,6,0.2266,46,56,,,0.1637
Core_MELA_3,Melaluca,MEL,3,a,,7,0.2223,56,66,,,0.161
Core_MELA_3,Melaluca,MEL,3,a,,8,0.2253,66,76,,,0.1666
Core_MELA_3,Melaluca,MEL,3,a,,9,0.2139,76,86,,,0.1588
Core_MELA_3,Melaluca,MEL,3,a,,10,0.2183,86,96,part missing,,0.1607
Core_Mela_1a,Melaluca,MEL,1,a,,1,0.0694,0,5,,,0.0488
Core_Mela_1a,Melaluca,MEL,1,a,,2,0.2204,5,10,,,0.1505
Core_Mela_1a,Melaluca,MEL,1,a,,3,0.2322,10,20,,,0.1655
Core_Mela_1a,Melaluca,MEL,1,a,,4,0.2423,20,30,,,0.177
Core_Mela_1a,Melaluca,MEL,1,a,,5,0.2212,30,40,,,0.1595
Core_Mela_1a,Melaluca,MEL,1,a,,6,0.2237,40,50,,,0.1591
Core_Mela_1a,Melaluca,MEL,1,a,,7,0.2293,50,60,,,0.1629
Core_Mela_1a,Melaluca,MEL,1,a,,8,0.2292,60,70,,,0.1639
Core_Mela_1a,Melaluca,MEL,1,a,,9,0.2284,70,80,,,0.166
Core_Mela_1a,Melaluca,MEL,1,a,,10,0.2117,80,90,7.78,,0.1525
Core_Mela_1a,Melaluca,MEL,1,a,,11,0.1579,90,98,"ragged end 7.63,7.93",,0.1136
Brk_TRN_Tree1,Eucalyptus,EUC,1,a,,1,0.1263,0,7,,,0.0926
Brk_TRN_Tree1,Eucalyptus,EUC,1,a,,2,0.1977,7,13,,,0.1605
Brk_TRN_Tree1,Eucalyptus,EUC,1,a,,3,0.257,13,23,,,0.2011
Brk_TRN_Tree1,Eucalyptus,EUC,1,a,,4,0.0503,23,26,,,0.0392
Brk_TRN_Tree2,Eucalyptus,EUC,2,a,periderm,1,0.1096,0,7,,,0.0806
Brk_TRN_Tree2,Eucalyptus,EUC,2,a,up to 1 cm,2,0.1488,7,14,,,0.1168
Brk_TRN_Tree2,Eucalyptus,EUC,2,a,,3,0.2465,14,24,,,0.1978
Brk_TRN_Tree2,Eucalyptus,EUC,2,a,,4,0.2675,24,34,,,0.2132
Brk_TRN_Tree2,Eucalyptus,EUC,2,a,,5,0.1824,34,41,ragged end 7.06+6.96,,0.1438
Brk_TRN_Tree3,Eucalyptus,EUC,3,a,,1,0.1324,0,7,,,0.1095
Brk_TRN_Tree3,Eucalyptus,EUC,3,a,,2,0.1017,7,13,,,0.0828
Brk_TRN_Tree3,Eucalyptus,EUC,3,a,,3,0.2713,13,23,,,0.2137
Brk_TRN_Tree3,Eucalyptus,EUC,3,a,,4,0.271,23,33,,,0.2115
Brk_TRN_Tree3,Eucalyptus,EUC,3,a,,5,0.2722,33,43,,,0.2106
Brk_TRN_Tree3,Eucalyptus,EUC,3,a,,6,0.2345,43,53,possible bend,,0.181
Brk_TRN_Tree3,Eucalyptus,EUC,3,a,,7,0.2637,53,63,,,0.2013
Brk_TRN_Tree3,Eucalyptus,EUC,3,a,,8,0.2399,63,73,,,0.1881
Brk_TRN_Tree3,Eucalyptus,EUC,3,a,,9,0.1014,73,77,"ragged end 2.51,5.81",,0.0812